{"fx": 605.6885986328125, "fy": 604.84912109375, "ppx": 319.0042419433594, "ppy": 246.93109130859375, "height": 480, "width": 640, "depth_scale": 0.0010000000474974513}